<Ui xmlns="http://www.blizzard.com/wow/ui/" xmlns:xsi="http://www.w3.org/2001/XMLSchema-instance" xsi:schemaLocation="http://www.blizzard.com/wow/ui/..\FrameXML\UI.xsd">
	<Frame name="MoreStopwatchesTemplate" toplevel="true" movable="true" enableMouse="true" hidden="false" clampedToScreen="true" frameStrata="DIALOG" virtual="true">
		<Size x="132" y="44"/>
		<Anchors>
			<Anchor point="TOPRIGHT" x="-250" y="-300"/>
		</Anchors>
		<Layers>
			<Layer level="BACKGROUND">
				<Texture name="$parentBackgroundLeft" file="Interface\TimeManager\TimerBackground">
					<Size x="122" y="29"/>
					<Anchors>
						<Anchor point="BOTTOMLEFT"/>
					</Anchors>
					<TexCoords left="0.046875" right="1.0" top="0" bottom="0.453125"/>
				</Texture>
				<Texture file="Interface\TimeManager\TimerBackground">
					<Size x="10" y="29"/>
					<Anchors>
						<Anchor point="LEFT" relativeTo="$parentBackgroundLeft" relativePoint="RIGHT"/>
					</Anchors>
					<TexCoords left="0.0" right="0.078125" top="0.46875" bottom="0.921875"/>
				</Texture>
			</Layer>
		</Layers>
		<Frames>
			<Frame name="$parentStopwatchTicker">
				<Size x="100" y="20"/>
				<Anchors>
					<Anchor point="BOTTOMRIGHT" x="-49" y="3"/>
				</Anchors>
				<Layers>
					<Layer level="BACKGROUND">
						<FontString name="$parentSecond" inherits="GameFontHighlightLarge" justifyH="CENTER">
							<Anchors>
								<Anchor point="TOPRIGHT" x="0" y="0"/>
							</Anchors>
						</FontString>
						<FontString text=":" inherits="GameFontHighlightLarge">
							<Anchors>
								<Anchor point="TOPRIGHT" x="-22" y="0"/>
							</Anchors>
						</FontString>
						<FontString name="$parentMinute" inherits="GameFontHighlightLarge" justifyH="CENTER">
							<Anchors>
								<Anchor point="TOPRIGHT" x="-27" y="0"/>
							</Anchors>
						</FontString>
						<FontString text=":" inherits="GameFontHighlightLarge">
							<Anchors>
								<Anchor point="TOPRIGHT" x="-49" y="0"/>
							</Anchors>
						</FontString>
						<FontString name="$parentHour" inherits="GameFontHighlightLarge" justifyH="CENTER">
							<Anchors>
								<Anchor point="TOPRIGHT" x="-54" y="0"/>
							</Anchors>
						</FontString>
					</Layer>
				</Layers>
			</Frame>
			<Frame name="$parentStopwatchTabFrame">
				<Size x="126" y="16"/>
				<Anchors>
					<Anchor point="TOP" x="0" y="0"/>
				</Anchors>
				<Layers>
					<Layer level="BACKGROUND">
						<Texture name="$parentLeft" file="Interface\ChatFrame\ChatFrameTab">
							<Size x="7" y="1"/>
							<Anchors>
								<Anchor point="LEFT"/>
								<Anchor point="TOP"/>
								<Anchor point="BOTTOM"/>
							</Anchors>
							<TexCoords left="0.03125" right="0.140625" top="0.28125" bottom="1.0"/>
						</Texture>
						<Texture name="$parentMiddle" file="Interface\ChatFrame\ChatFrameTab">
							<Size x="112" y="1"/>
							<Anchors>
								<Anchor point="LEFT" relativeTo="$parentLeft" relativePoint="RIGHT"/>
								<Anchor point="TOP"/>
								<Anchor point="BOTTOM"/>
							</Anchors>
							<TexCoords left="0.140625" right="0.859375" top="0.28125" bottom="1.0"/>
						</Texture>
						<Texture name="$parentRight" file="Interface\ChatFrame\ChatFrameTab">
							<Size x="7" y="1"/>
							<Anchors>
								<Anchor point="LEFT" relativeTo="$parentMiddle" relativePoint="RIGHT"/>
								<Anchor point="TOP"/>
								<Anchor point="BOTTOM"/>
							</Anchors>
							<TexCoords left="0.859375" right="0.96875" top="0.28125" bottom="1.0"/>
						</Texture>
						<FontString name="$parentStopwatchTitle" text="STOPWATCH_TITLE" inherits="GameFontNormalSmall" justifyH="CENTER">
							<Anchors>
								<Anchor point="TOP" x="0" y="-3"/>
							</Anchors>
						</FontString>
					</Layer>
				</Layers>
				<Frames>
					<Button name="$parentStopwatchCloseButton" inherits="UIPanelCloseButton">
						<Size x="20" y="20"/>
						<Anchors>
							<Anchor point="TOPRIGHT" x="1" y="1"/>
						</Anchors>
						<Scripts>
							<OnClick function="MoreStopwatches_StopwatchTemplateCloseButton_OnClick"/>
						</Scripts>
					</Button>
				</Frames>
			</Frame>
			<Button name="$parentStopwatchResetButton">
				<Size x="24" y="24"/>
				<Anchors>
					<Anchor point="BOTTOMRIGHT" x="-2" y="3"/>
				</Anchors>
				<Scripts>
					<OnEnter>
						GameTooltip_AddNewbieTip(self, nil, 1.0, 1.0, 1.0, NEWBIE_TOOLTIP_STOPWATCH_RESETBUTTON, 1);
					</OnEnter>
					<OnLeave function="GameTooltip_Hide"/>
					<OnClick function="MoreStopwatches_StopwatchTemplateResetButton_OnClick"/>
				</Scripts>
				<NormalTexture file="Interface\TimeManager\ResetButton"/>
				<HighlightTexture file="Interface\Buttons\UI-Common-MouseHilight" alphaMode="ADD"/>
			</Button>
			<Button name="$parentStopwatchPlayPauseButton">
				<Size x="24" y="24"/>
				<Anchors>
					<Anchor point="RIGHT" relativeTo="$parentStopwatchResetButton" relativePoint="LEFT" x="5" y="0"/>
				</Anchors>
				<Scripts>
					<OnEnter>
						GameTooltip_AddNewbieTip(self, nil, 1.0, 1.0, 1.0, NEWBIE_TOOLTIP_STOPWATCH_PLAYPAUSEBUTTON, 1);
					</OnEnter>
					<OnLeave function="GameTooltip_Hide"/>
					<OnClick function="MoreStopwatches_StopwatchTemplatePlayPauseButton_OnClick"/>
				</Scripts>
				<NormalTexture file="Interface\Buttons\UI-SpellbookIcon-NextPage-Up"/>
				<HighlightTexture file="Interface\Buttons\UI-Common-MouseHilight" alphaMode="ADD"/>
			</Button>
		</Frames>
		<Scripts>
			<OnLoad function="MoreStopwatches_StopwatchTemplateFrame_OnLoad"/>
			<OnUpdate function="MoreStopwatches_StopwatchTemplateFrame_OnUpdate"/>
			<OnHide function="MoreStopwatches_StopwatchTemplateFrame_OnHide"/>
			<OnMouseDown function="MoreStopwatches_StopwatchTemplateFrame_OnMouseDown"/>
			<OnMouseUp function="MoreStopwatches_StopwatchTemplateFrame_OnMouseUp"/>
			<OnDragStart function="MoreStopwatches_StopwatchTemplateFrame_OnDragStart"/>
			<OnDragStop function="MoreStopwatches_StopwatchTemplateFrame_OnDragStop"/>
		</Scripts>
	</Frame>
</Ui>
