<Ui xmlns="http://www.blizzard.com/wow/ui/" xmlns:xsi="http://www.w3.org/2001/XMLSchema-instance" xsi:schemaLocation="http://www.blizzard.com/wow/ui/
..\FrameXML\UI.xsd">
	<Frame name="SilverDragonVignetteStretchPinTemplate" hidden="true" enableMouse="true" frameLevel="5" mixin="SilverDragonVignetteStretchPinMixin" virtual="true">
		<Size x="5" y="5"/>
		<Anchors>
			<Anchor point="CENTER"/>
		</Anchors>
		<Layers>
			<Layer level="OVERLAY">
				<Texture parentKey="texture">
					<Size x="24" y="24"/>
					<Anchors>
						<Anchor point="CENTER"/>
					</Anchors>
				</Texture>
			</Layer>
		</Layers>
		<Scripts>
			<OnLoad method="OnLoad"/>
			<OnEnter method="OnMouseEnter"/>
			<OnLeave method="OnMouseLeave"/>
		</Scripts>
	</Frame>
</Ui>
