<Ui xmlns:xsi="http://www.w3.org/2001/XMLSchema-instance"
    xmlns:xsd="http://www.w3.org/2001/XMLSchema"
    xmlns="http://www.blizzard.com/wow/ui/">

    <Frame name="cttStopwatchGui" parent="UIParent" movable="true" enableMouse="true" clampedToScreen="true" hidden="false">
        <Size x="100" y="40"/>
        <Anchors>
            <Anchor point="RIGHT"/>
        </Anchors>
        <Backdrop bgFile="Interface/Tooltips/UI-Tooltip-Background" edgeFile="Interface/Tooltips/UI-Tooltip-Border" tile="true">
            <BackgroundInsets>
                <AbsInset left="4" right="4" top="4" bottom="4"/>
            </BackgroundInsets>
            <TileSize>
                <AbsValue val="16"/>
            </TileSize>
            <EdgeSize>
                <AbsValue val="16"/>
            </EdgeSize>
            <Color r="0" g="0" b="0"/>
        </Backdrop>
        <Layers>
            <Layer level="BACKGROUND">
                <Texture setAllPoints="true">
                </Texture>
            </Layer>
            <Layer level="OVERLAY">
                <FontString name="$parentTimeText" inherits="GameFontNormalLarge" text="00:00:00">
                    <Size x="100" y="25" />
                    <Anchors>
                        <Anchor point="CENTER"/>
                    </Anchors>
                    <color r="255" g="255" b="255"/>
                </FontString>
            </Layer>
        </Layers>
        <Scripts>
            <OnLoad>
                self:RegisterForDrag("LeftButton")
            </OnLoad>
            <OnDragStart>
                if not self.isLocked then
                self:StartMoving()
                end
            </OnDragStart>
            <OnDragStop>
                self:StopMovingOrSizing()
            </OnDragStop>
        </Scripts>
    </Frame>

</Ui>