<Ui xmlns="http://www.blizzard.com/wow/ui/"
 xmlns:xsi="http://www.w3.org/2001/XMLSchema-instance"
 xsi:schemaLocation="http://www.blizzard.com/wow/ui/ ..\FrameXML\UI.xsd">
 	<!-- Custom Highlight Template -->
 	<Texture name="MonolithDKPButtonHighlightTexture" file="Interface\AddOns\MonolithDKP\Media\Textures\MonolithDKP-Button-Highlight" alphaMode="ADD" virtual="true">
		<TexCoords left="0" right="0.625" top="0" bottom="0.6875"/>
	</Texture>
	<!-- MonDKP Fonts -->
	<FontFamily  name="MonDKPTiny" virtual="true">
		<Member alphabet="roman">
			<Font font="Interface\AddOns\MonolithDKP\Media\Fonts\homizio_bold.ttf" height="10"/>
		</Member>
		<Member alphabet="korean">
			<Font font="Fonts\2002.TTF" height="10" outline="NORMAL"/>
		</Member>
		<Member alphabet="simplifiedchinese">
			<Font font="Fonts\ARKai_C.ttf" height="10" outline="NORMAL"/>
		</Member>
		<Member alphabet="traditionalchinese">
			<Font font="Fonts\bHEI01B.TTF" height="10" outline="NORMAL"/>
		</Member>
		<Member alphabet="russian">
			<Font font="Fonts\ARIALN.TTF" height="10" outline="NORMAL"/>
		</Member>
	</FontFamily>
	<FontFamily  name="MonDKPTinyOutline" virtual="true">
		<Member alphabet="roman">
			<Font font="Interface\AddOns\MonolithDKP\Media\Fonts\homizio_bold.ttf" height="10" outline="NORMAL"/>
		</Member>
		<Member alphabet="korean">
			<Font font="Fonts\2002.TTF" height="10" outline="NORMAL"/>
		</Member>
		<Member alphabet="simplifiedchinese">
			<Font font="Fonts\ARKai_C.ttf" height="10" outline="NORMAL"/>
		</Member>
		<Member alphabet="traditionalchinese">
			<Font font="Fonts\bHEI01B.TTF" height="10" outline="NORMAL"/>
		</Member>
		<Member alphabet="russian">
			<Font font="Fonts\ARIALN.TTF" height="10" outline="NORMAL"/>
		</Member>
	</FontFamily>
	<FontFamily  name="MonDKPSmall" virtual="true">
		<Member alphabet="roman">
			<Font font="Interface\AddOns\MonolithDKP\Media\Fonts\homizio_bold.ttf" height="12"/>
		</Member>
		<Member alphabet="korean">
			<Font font="Fonts\2002.TTF" height="12" outline="NORMAL"/>
		</Member>
		<Member alphabet="simplifiedchinese">
			<Font font="Fonts\ARKai_C.ttf" height="12" outline="NORMAL"/>
		</Member>
		<Member alphabet="traditionalchinese">
			<Font font="Fonts\bHEI01B.TTF" height="12" outline="NORMAL"/>
		</Member>
		<Member alphabet="russian">
			<Font font="Fonts\ARIALN.TTF" height="12" outline="NORMAL"/>
		</Member>
	</FontFamily>
	<FontFamily  name="MonDKPSmallOutline" virtual="true">
		<Member alphabet="roman">
			<Font font="Interface\AddOns\MonolithDKP\Media\Fonts\homizio_bold.ttf" height="12" outline="NORMAL"/>
		</Member>
		<Member alphabet="korean">
			<Font font="Fonts\2002.TTF" height="12" outline="NORMAL"/>
		</Member>
		<Member alphabet="simplifiedchinese">
			<Font font="Fonts\ARKai_C.ttf" height="12" outline="NORMAL"/>
		</Member>
		<Member alphabet="traditionalchinese">
			<Font font="Fonts\bHEI01B.TTF" height="12" outline="NORMAL"/>
		</Member>
		<Member alphabet="russian">
			<Font font="Fonts\ARIALN.TTF" height="12" outline="NORMAL"/>
		</Member>
	</FontFamily>
	<FontFamily  name="MonDKPNormal" virtual="true">
		<Member alphabet="roman">
			<Font font="Interface\AddOns\MonolithDKP\Media\Fonts\homizio_bold.ttf" height="13"/>
		</Member>
		<Member alphabet="korean">
			<Font font="Fonts\2002.TTF" height="13" outline="NORMAL"/>
		</Member>
		<Member alphabet="simplifiedchinese">
			<Font font="Fonts\ARKai_C.ttf" height="13" outline="NORMAL"/>
		</Member>
		<Member alphabet="traditionalchinese">
			<Font font="Fonts\bHEI01B.TTF" height="13" outline="NORMAL"/>
		</Member>
		<Member alphabet="russian">
			<Font font="Fonts\ARIALN.TTF" height="13" outline="NORMAL"/>
		</Member>
	</FontFamily>
	<FontFamily  name="MonDKPNormalOutline" virtual="true">
		<Member alphabet="roman">
			<Font font="Interface\AddOns\MonolithDKP\Media\Fonts\homizio_bold.ttf" height="13" outline="NORMAL"/>
		</Member>
		<Member alphabet="korean">
			<Font font="Fonts\2002.TTF" height="13" outline="NORMAL"/>
		</Member>
		<Member alphabet="simplifiedchinese">
			<Font font="Fonts\ARKai_C.ttf" height="13" outline="NORMAL"/>
		</Member>
		<Member alphabet="traditionalchinese">
			<Font font="Fonts\bHEI01B.TTF" height="13" outline="NORMAL"/>
		</Member>
		<Member alphabet="russian">
			<Font font="Fonts\ARIALN.TTF" height="13" outline="NORMAL"/>
		</Member>
	</FontFamily>
	<FontFamily  name="MonDKPLarge" virtual="true">
		<Member alphabet="roman">
			<Font font="Interface\AddOns\MonolithDKP\Media\Fonts\uf_font.ttf" height="24"/>
		</Member>
		<Member alphabet="korean">
			<Font font="Fonts\2002.TTF" height="24" outline="NORMAL"/>
		</Member>
		<Member alphabet="simplifiedchinese">
			<Font font="Fonts\ARKai_C.ttf" height="24" outline="NORMAL"/>
		</Member>
		<Member alphabet="traditionalchinese">
			<Font font="Fonts\bHEI01B.TTF" height="24" outline="NORMAL"/>
		</Member>
		<Member alphabet="russian">
			<Font font="Fonts\ARIALN.TTF" height="24" outline="NORMAL"/>
		</Member>
	</FontFamily>
	<Font name="MonDKPLarge" virtual="true">
		<Color r="0.8" g="0.65" b="0"/>
	</Font>
	<Font name="MonDKPTinyCenter" inherits="MonDKPTiny" justifyH="CENTER" virtual="true"/>
	<Font name="MonDKPTinyLeft" inherits="MonDKPTiny" justifyH="LEFT" virtual="true"/>
	<Font name="MonDKPTinyRight" inherits="MonDKPTiny" justifyH="RIGHT" virtual="true"/>
	<Font name="MonDKPTinyOutlineCenter" inherits="MonDKPTinyOutline" justifyH="CENTER" virtual="true"/>
	<Font name="MonDKPTinyOutlineLeft" inherits="MonDKPTinyOutline" justifyH="LEFT" virtual="true"/>
	<Font name="MonDKPTinyOutlineRight" inherits="MonDKPTinyOutline" justifyH="RIGHT" virtual="true"/>
	<Font name="MonDKPSmallCenter" inherits="MonDKPSmall" justifyH="CENTER" virtual="true"/>
	<Font name="MonDKPSmallLeft" inherits="MonDKPSmall" justifyH="LEFT" virtual="true"/>
	<Font name="MonDKPSmallRight" inherits="MonDKPSmall" justifyH="RIGHT" virtual="true"/>
	<Font name="MonDKPSmallOutlineCenter" inherits="MonDKPSmallOutline" justifyH="CENTER" virtual="true"/>
	<Font name="MonDKPSmallOutlineLeft" inherits="MonDKPSmallOutline" justifyH="LEFT" virtual="true"/>
	<Font name="MonDKPSmallOutlineRight" inherits="MonDKPSmallOutline" justifyH="RIGHT" virtual="true"/>
	<Font name="MonDKPNormalCenter" inherits="MonDKPNormal" justifyH="CENTER" virtual="true"/>
	<Font name="MonDKPNormalLeft" inherits="MonDKPNormal" justifyH="LEFT" virtual="true"/>
	<Font name="MonDKPNormalRight" inherits="MonDKPNormal" justifyH="RIGHT" virtual="true"/>
	<Font name="MonDKPNormalOutlineCenter" inherits="MonDKPNormalOutline" justifyH="CENTER" virtual="true"/>
	<Font name="MonDKPNormalOutlineLeft" inherits="MonDKPNormalOutline" justifyH="LEFT" virtual="true"/>
	<Font name="MonDKPNormalOutlineRight" inherits="MonDKPNormalOutline" justifyH="RIGHT" virtual="true"/>
	<Font name="MonDKPLargeCenter" inherits="MonDKPLarge" justifyH="CENTER" virtual="true"/>
	<Font name="MonDKPLargeLeft" inherits="MonDKPLarge" justifyH="LEFT" virtual="true"/>
	<Font name="MonDKPLargeRight" inherits="MonDKPLarge" justifyH="RIGHT" virtual="true"/>
 	<!-- Button Frame Template -->
 	<Button name="MonolithDKPUIPanelButtonNoTooltipTemplate" virtual="true">
		<Size x="40" y="22"/>
		<Layers>
			<Layer level="BACKGROUND">
				<Texture parentKey="Left" file="Interface\Buttons\UI-Panel-Button-Disabled-Down">
					<Size x="12" y="22"/>
					<Anchors>
						<Anchor point="TOPLEFT"/>
						<Anchor point="BOTTOMLEFT"/>
					</Anchors>
					<TexCoords left="0" right="0.09375" top="0" bottom="0.6875"/>
				</Texture>
				<Texture parentKey="Right" file="Interface\Buttons\UI-Panel-Button-Disabled-Down">
					<Size x="12" y="22"/>
					<Anchors>
						<Anchor point="TOPRIGHT"/>
						<Anchor point="BOTTOMRIGHT"/>
					</Anchors>
					<TexCoords left="0.53125" right="0.625" top="0" bottom="0.6875"/>
				</Texture>
				<Texture parentKey="Middle" file="Interface\Buttons\UI-Panel-Button-Disabled-Down">
					<Size x="12" y="22"/>
					<Anchors>
						<Anchor point="TOPLEFT" relativeKey="$parent.Left" relativePoint="TOPRIGHT"/>
						<Anchor point="BOTTOMRIGHT" relativeKey="$parent.Right" relativePoint="BOTTOMLEFT"/>
					</Anchors>
					<TexCoords left="0.09375" right="0.53125" top="0" bottom="0.6875"/>
				</Texture>
			</Layer>
		</Layers>
		<Scripts>
			<OnLoad function="MonolithDKPButton_OnLoad"/>
			<OnMouseDown function="MonolithDKPButton_OnMouseDown"/>
			<OnMouseUp function="MonolithDKPButton_OnMouseUp"/>
			<OnShow function="MonolithDKPButton_OnShow"/>
			<OnDisable function="MonolithDKPButton_OnDisable"/>
			<OnEnable function="MonolithDKPButton_OnEnable"/>
		</Scripts>
		<ButtonText name="$parentText" parentKey="Text"/>
		<NormalFont style="GameFontNormal"/>
		<HighlightFont style="GameFontHighlight"/>
		<DisabledFont style="GameFontDisable"/>
		<HighlightTexture inherits="MonolithDKPButtonHighlightTexture"/>
	</Button>
	<Button name="MonolithDKPButtonTemplate" inherits="MonolithDKPUIPanelButtonNoTooltipTemplate" virtual="true">
		<Size>
			<AbsDimension x="144" y="21"/>
		</Size>
		<NormalFont style="GameFontHighlight"/>
		<HighlightFont style="GameFontHighlight"/>
		<DisabledFont style="GameFontDisable"/>
	</Button>
	
	<!-- Drop Down Menu Frame Template -->
	<Frame name="MonolithDKPUIDropDownMenuTemplate" virtual="true">
		<Size>
			<AbsDimension x="40" y="32"/>
		</Size>
		<Layers>
			<Layer level="ARTWORK">
				<Texture name="$parentLeft" parentKey="Left" file="Interface\AddOns\MonolithDKP\Media\Textures\MonDKP-Dropdown-Frame">
					<Size>
						<AbsDimension x="25" y="64"/>
					</Size>
					<Anchors>
						<Anchor point="TOPLEFT">
							<Offset>
								<AbsDimension x="0" y="17"/>
							</Offset>
						</Anchor>
					</Anchors>
					<TexCoords left="0" right="0.1953125" top="0" bottom="1"/>
				</Texture>
				<Texture name="$parentMiddle" parentKey="Middle" file="Interface\AddOns\MonolithDKP\Media\Textures\MonDKP-Dropdown-Frame">
					<Size>
						<AbsDimension x="115" y="64"/>
					</Size>
					<Anchors>
						<Anchor point="LEFT" relativeKey="$parent.Left" relativePoint="RIGHT"/>
					</Anchors>
					<TexCoords left="0.1953125" right="0.8046875" top="0" bottom="1"/>
				</Texture>
				<Texture name="$parentRight" parentKey="Right" file="Interface\AddOns\MonolithDKP\Media\Textures\MonDKP-Dropdown-Frame">
					<Size>
						<AbsDimension x="25" y="64"/>
					</Size>
					<Anchors>
						<Anchor point="LEFT" relativeKey="$parent.Middle" relativePoint="RIGHT"/>
					</Anchors>
					<TexCoords left="0.8046875" right="1" top="0" bottom="1"/>
				</Texture>
				<FontString parentKey="Text" name="$parentText" inherits="GameFontHighlightSmall" wordwrap="false" justifyH="RIGHT">
					<Size>
						<AbsDimension x="0" y="10"/>
					</Size>
					<Anchors>
						<Anchor point="RIGHT" relativeKey="$parent.Right">
							<Offset>
								<AbsDimension x="-43" y="2"/>
							</Offset>
						</Anchor>
					</Anchors>
				</FontString>
			</Layer>
			<Layer level="OVERLAY">
				<Texture parentKey="Icon" name="$parentIcon" hidden="true">
					<Size>
						<AbsDimension x="16" y="16"/>
					</Size>
					<Anchors>
						<Anchor point="LEFT">
							<Offset x="30" y="2"/>
						</Anchor>
					</Anchors>
				</Texture>
			</Layer>
		</Layers>
		<Frames>
			<Button parentKey="Button" name="$parentButton" motionScriptsWhileDisabled="true" >
				<Size>
					<AbsDimension x="24" y="24"/>
				</Size>
				<Anchors>
					<Anchor point="TOPRIGHT" relativeKey="$parent.Right">
						<Offset>
							<AbsDimension x="-16" y="-18"/>
						</Offset>
					</Anchor>
				</Anchors>
				<Scripts>
					<OnEnter>
						local parent = self:GetParent();
						local myscript = parent:GetScript("OnEnter");
						if(myscript ~= nil) then
							myscript(parent);
						end
					</OnEnter>
					<OnLeave>
						local parent = self:GetParent();
						local myscript = parent:GetScript("OnLeave");
						if(myscript ~= nil) then
							myscript(parent);
						end
					</OnLeave>
					<OnClick>
						ToggleDropDownMenu(nil, nil, self:GetParent());
						PlaySound(SOUNDKIT.IG_MAINMENU_OPTION_CHECKBOX_ON);
					</OnClick>
				</Scripts>
				<NormalTexture name="$parentNormalTexture" parentKey="NormalTexture" file="Interface\ChatFrame\UI-ChatIcon-ScrollDown-Up">
					<Size>
						<AbsDimension x="24" y="24"/>
					</Size>
					<Anchors>
						<Anchor point="RIGHT" x="-1" y="-1"/>
					</Anchors>
				</NormalTexture>
				<PushedTexture name="$parentPushedTexture" parentKey="PushedTexture" file="Interface\ChatFrame\UI-ChatIcon-ScrollDown-Down">
					<Size>
						<AbsDimension x="24" y="24"/>
					</Size>
					<Anchors>
						<Anchor point="RIGHT" x="-1" y="-1"/>
					</Anchors>
				</PushedTexture>
				<DisabledTexture name="$parentDisabledTexture" parentKey="DisabledTexture" file="Interface\ChatFrame\UI-ChatIcon-ScrollDown-Disabled">
					<Size>
						<AbsDimension x="24" y="24"/>
					</Size>
					<Anchors>
						<Anchor point="RIGHT" x="-1" y="-1"/>
					</Anchors>
				</DisabledTexture>
				<HighlightTexture name="$parentHighlightTexture" parentKey="HighlightTexture" file="Interface\Buttons\UI-Common-MouseHilight" alphaMode="ADD">
					<Size>
						<AbsDimension x="24" y="24"/>
					</Size>
					<Anchors>
						<Anchor point="RIGHT" x="-1" y="-1"/>
					</Anchors>
				</HighlightTexture>
			</Button>
		</Frames>
		<Scripts>
			<OnHide>
				CloseDropDownMenus();
			</OnHide>
		</Scripts>
	</Frame>

	<!-- DKP Table Drop Down Menu Frame Template -->
	<Frame name="MonolithDKPTableHeaderDropDownMenuTemplate" virtual="true">
		<Size>
			<AbsDimension x="40" y="32"/>
		</Size>
		<Layers>
			<Layer level="ARTWORK">
				<Texture name="$parentLeft" parentKey="Left" file="Interface\AddOns\MonolithDKP\Media\Textures\MonDKP-Dropdown-Frame-Header">
					<Size>
						<AbsDimension x="25" y="64"/>
					</Size>
					<Anchors>
						<Anchor point="TOPLEFT">
							<Offset>
								<AbsDimension x="0" y="17"/>
							</Offset>
						</Anchor>
					</Anchors>
					<TexCoords left="0" right="0.1953125" top="0" bottom="1"/>
				</Texture>
				<Texture name="$parentMiddle" parentKey="Middle" file="Interface\AddOns\MonolithDKP\Media\Textures\MonDKP-Dropdown-Frame-Header">
					<Size>
						<AbsDimension x="115" y="64"/>
					</Size>
					<Anchors>
						<Anchor point="LEFT" relativeKey="$parent.Left" relativePoint="RIGHT"/>
					</Anchors>
					<TexCoords left="0.1953125" right="0.8046875" top="0" bottom="1"/>
				</Texture>
				<Texture name="$parentRight" parentKey="Right" file="Interface\AddOns\MonolithDKP\Media\Textures\MonDKP-Dropdown-Frame-Header">
					<Size>
						<AbsDimension x="25" y="64"/>
					</Size>
					<Anchors>
						<Anchor point="LEFT" relativeKey="$parent.Middle" relativePoint="RIGHT"/>
					</Anchors>
					<TexCoords left="0.8046875" right="1" top="0" bottom="1"/>
				</Texture>
				<FontString parentKey="Text" name="$parentText" inherits="GameFontHighlightSmall" wordwrap="false" justifyH="RIGHT">
					<Size>
						<AbsDimension x="0" y="10"/>
					</Size>
					<Anchors>
						<Anchor point="RIGHT" relativeKey="$parent.Right">
							<Offset>
								<AbsDimension x="-43" y="2"/>
							</Offset>
						</Anchor>
					</Anchors>
				</FontString>
			</Layer>
			<Layer level="OVERLAY">
				<Texture parentKey="Icon" name="$parentIcon" hidden="true">
					<Size>
						<AbsDimension x="16" y="16"/>
					</Size>
					<Anchors>
						<Anchor point="LEFT">
							<Offset x="30" y="2"/>
						</Anchor>
					</Anchors>
				</Texture>
			</Layer>
		</Layers>
		<Frames>
			<Button parentKey="Button" name="$parentButton" motionScriptsWhileDisabled="true" >
				<Size>
					<AbsDimension x="24" y="24"/>
				</Size>
				<Anchors>
					<Anchor point="TOPRIGHT" relativeKey="$parent.Right">
						<Offset>
							<AbsDimension x="-16" y="-18"/>
						</Offset>
					</Anchor>
				</Anchors>
				<Scripts>
					<OnEnter>
						local parent = self:GetParent();
						local myscript = parent:GetScript("OnEnter");
						if(myscript ~= nil) then
							myscript(parent);
						end
					</OnEnter>
					<OnLeave>
						local parent = self:GetParent();
						local myscript = parent:GetScript("OnLeave");
						if(myscript ~= nil) then
							myscript(parent);
						end
					</OnLeave>
					<OnClick>
						ToggleDropDownMenu(nil, nil, self:GetParent());
						PlaySound(SOUNDKIT.IG_MAINMENU_OPTION_CHECKBOX_ON);
					</OnClick>
				</Scripts>
				<NormalTexture name="$parentNormalTexture" parentKey="NormalTexture" file="Interface\ChatFrame\UI-ChatIcon-ScrollDown-Up">
					<Size>
						<AbsDimension x="24" y="24"/>
					</Size>
					<Anchors>
						<Anchor point="RIGHT" x="-1" y="-1"/>
					</Anchors>
				</NormalTexture>
				<PushedTexture name="$parentPushedTexture" parentKey="PushedTexture" file="Interface\ChatFrame\UI-ChatIcon-ScrollDown-Down">
					<Size>
						<AbsDimension x="24" y="24"/>
					</Size>
					<Anchors>
						<Anchor point="RIGHT" x="-1" y="-1"/>
					</Anchors>
				</PushedTexture>
				<DisabledTexture name="$parentDisabledTexture" parentKey="DisabledTexture" file="Interface\ChatFrame\UI-ChatIcon-ScrollDown-Disabled">
					<Size>
						<AbsDimension x="24" y="24"/>
					</Size>
					<Anchors>
						<Anchor point="RIGHT" x="-1" y="-1"/>
					</Anchors>
				</DisabledTexture>
				<HighlightTexture name="$parentHighlightTexture" parentKey="HighlightTexture" file="Interface\Buttons\UI-Common-MouseHilight" alphaMode="ADD">
					<Size>
						<AbsDimension x="24" y="24"/>
					</Size>
					<Anchors>
						<Anchor point="RIGHT" x="-1" y="-1"/>
					</Anchors>
				</HighlightTexture>
			</Button>
		</Frames>
		<Scripts>
			<OnHide>
				CloseDropDownMenus();
			</OnHide>
		</Scripts>
	</Frame>

	<Button name="MonDKPTabButtonTemplate" motionScriptsWhileDisabled="true" virtual="true">
        <Size>
            <AbsDimension x="10" y="32"/>
        </Size>
        <Layers>
        	<Layer level="BACKGROUND">
        		<Texture name="$parentLeftDisabled" file="Interface\AddOns\MonolithDKP\Media\Textures\MonDKP-Active-Tab">
        			<Size>
        				<AbsDimension x="20" y="35"/>
        			</Size>
        			<Anchors>
        				<Anchor point="TOPLEFT">
        					<Offset>
        						<AbsDimension x="0" y="0"/>
        					</Offset>
        				</Anchor>
        			</Anchors>
					<TexCoords left="0" right="0.15625" top="0" bottom="0.546875"/>
        		</Texture>
				<Texture name="$parentMiddleDisabled" file="Interface\AddOns\MonolithDKP\Media\Textures\MonDKP-Active-Tab">
        			<Size>
        				<AbsDimension x="88" y="35"/>
        			</Size>
        			<Anchors>
        				<Anchor point="LEFT" relativeTo="$parentLeftDisabled" relativePoint="RIGHT"/>
        			</Anchors>
					<TexCoords left="0.15625" right="0.84375" top="0" bottom="0.546875"/>
        		</Texture>
				<Texture name="$parentRightDisabled" file="Interface\AddOns\MonolithDKP\Media\Textures\MonDKP-Active-Tab">
        			<Size>
        				<AbsDimension x="20" y="35"/>
        			</Size>
        			<Anchors>
        				<Anchor point="LEFT" relativeTo="$parentMiddleDisabled" relativePoint="RIGHT"/>
        			</Anchors>
					<TexCoords left="0.84375" right="1.0" top="0" bottom="0.546875"/>
        		</Texture>
				<Texture name="$parentLeft" file="Interface\AddOns\MonolithDKP\Media\Textures\MonDKP-Inactive-Tab">
        			<Size>
        				<AbsDimension x="20" y="47"/>
        			</Size>
        			<Anchors>
        				<Anchor point="TOPLEFT" x="0" y="-1"/>
        			</Anchors>
					<TexCoords left="0" right="0.15625" top="0" bottom="1.0"/>
        		</Texture>
				<Texture name="$parentMiddle" file="Interface\AddOns\MonolithDKP\Media\Textures\MonDKP-Inactive-Tab">
        			<Size>
        				<AbsDimension x="88" y="47"/>
        			</Size>
        			<Anchors>
        				<Anchor point="LEFT" relativeTo="$parentLeft" relativePoint="RIGHT"/>
					</Anchors>
					<TexCoords left="0.15625" right="0.84375" top="0" bottom="1.0"/>
        		</Texture>
				<Texture name="$parentRight" file="Interface\AddOns\MonolithDKP\Media\Textures\MonDKP-Inactive-Tab">
        			<Size>
        				<AbsDimension x="20" y="47"/>
        			</Size>
        			<Anchors>
        				<Anchor point="LEFT" relativeTo="$parentMiddle" relativePoint="RIGHT"/>
        			</Anchors>
					<TexCoords left="0.84375" right="1.0" top="0" bottom="1.0"/>
        		</Texture>
        	</Layer>
        </Layers>
		<Scripts>
			<OnLoad>
				self:SetFrameLevel(self:GetFrameLevel() + 4);
				self:RegisterEvent("DISPLAY_SIZE_CHANGED");
			</OnLoad>
			<OnEvent>
				if (self:IsVisible()) then
					PanelTemplates_TabResize(self, 0, nil, 36, 57); <!--54 was self:GetParent().maxTabWidth or 88 -->
				end
			</OnEvent>
			<OnClick>
				PanelTemplates_Tab_OnClick(self, CharacterFrame);
				CharacterFrameTab_OnClick(self, button);
			</OnClick>
			<OnShow>
				PanelTemplates_TabResize(self, 0, nil, 36, 57); <!--self:GetParent().maxTabWidth or 88 -->
				CharacterFrame_TabBoundsCheck(self);

				if (self:GetName() == "MonDKPMonDKP.ConfigTabMenuTab2" or self:GetName() == "MonDKPMonDKP.ConfigTabMenuTab5" or self:GetName() == "MonDKPMonDKP.ConfigTabMenuTab6") and GetLocale() == "enUS" then
					PanelTemplates_TabResize(self, 0, nil, 36, self:GetParent().maxTabWidth or 88);			<!-- Corrects width on tabs for English Client -->
				end
			</OnShow>
			<OnEnter>
				local buttonText = _G[self:GetName().."Text"];
				if (buttonText and buttonText:IsTruncated()) then
					GameTooltip:SetOwner(self, "ANCHOR_RIGHT");
					GameTooltip:SetText(buttonText:GetText());
				end
			</OnEnter>
			<OnLeave>
				GameTooltip_Hide();
			</OnLeave>
		</Scripts>
		<ButtonText name="$parentText">
			<Size>
				<AbsDimension x="0" y="10"/>
			</Size>
			<Anchors>
				<Anchor point="CENTER">
					<Offset>
						<AbsDimension x="0" y="2"/>
					</Offset>
				</Anchor>
			</Anchors>
		</ButtonText>
		<NormalFont style="MonDKPSmallOutlineCenter"/>
		<HighlightFont style="MonDKPSmallOutlineCenter"/>
		<DisabledFont style="MonDKPSmallOutlineCenter"/>
		<HighlightTexture name="$parentHighlightTexture" file="Interface\PaperDollInfoFrame\UI-Character-Tab-RealHighlight" alphaMode="ADD">
			<Anchors>
				<Anchor point="TOPLEFT">
					<Offset>
						<AbsDimension x="3" y="5"/>
					</Offset>
				</Anchor>
				<Anchor point="BOTTOMRIGHT">
					<Offset>
						<AbsDimension x="-3" y="0"/>
					</Offset>
				</Anchor>
			</Anchors>
		</HighlightTexture>
    </Button>
    <Slider name="MonDKPSliderTemplate" orientation="HORIZONTAL" enableMouse="true" virtual="true">
		<HitRectInsets>
			<AbsInset left="0" right="0" top="-10" bottom="-10"/>
		</HitRectInsets>
		<Backdrop bgFile="Interface\Buttons\UI-SliderBar-Background" edgeFile="Interface\ChatFrame\ChatFrameBackground" tile="true">
			<BorderColor r="0.12" g="0.12" b="0.34" a="1" /> 
			<EdgeSize>
				<AbsValue val="2"/>
			</EdgeSize>
		</Backdrop>
		<ThumbTexture parentKey="Thumb" name="$parentThumb" file="Interface\AddOns\MonolithDKP\Media\Textures\slider-pin">
			<Size x="16" y="16"/>
		</ThumbTexture>
	</Slider>
	<Slider name="MonDKPOptionsSliderTemplate" inherits="MonDKPSliderTemplate" virtual="true">
		<KeyValues>
			<KeyValue key="type" value="CONTROLTYPE_SLIDER" type="global"/>
		</KeyValues>
		<Size x="144" y="10"/>
		<Layers>
			<Layer level="ARTWORK">
				<FontString name="$parentText" parentKey="Text" inherits="GameFontHighlight">
					<Anchors>
						<Anchor point="BOTTOM" relativePoint="TOP"/>
					</Anchors>
				</FontString>
				<FontString name="$parentLow" parentKey="Low" inherits="GameFontHighlightSmall" text="LOW">
					<Anchors>
						<Anchor point="TOPLEFT" relativePoint="BOTTOMLEFT">
							<Offset>
								<AbsDimension x="-4" y="-4"/>
							</Offset>
						</Anchor>
					</Anchors>
				</FontString>
				<FontString name="$parentHigh" parentKey="High" inherits="GameFontHighlightSmall" text="HIGH">
					<Anchors>
						<Anchor point="TOPRIGHT" relativePoint="BOTTOMRIGHT">
							<Offset>
								<AbsDimension x="4" y="-4"/>
							</Offset>
						</Anchor>
					</Anchors>
				</FontString>
			</Layer>
		</Layers>
		<Scripts>
			<OnEnter>
				if ( self:IsEnabled() ) then
					if ( self.tooltipText ) then
						GameTooltip:SetOwner(self, self.tooltipOwnerPoint or "ANCHOR_RIGHT");
						GameTooltip:SetText(self.tooltipText, 0.25, 0.75, 0.90, 1, true);
					end
					if ( self.tooltipRequirement ) then
						GameTooltip:AddLine(self.tooltipRequirement, 1.0, 1.0, 1.0, true);
						GameTooltip:Show();
					end
					if ( self.tooltipWarning ) then
						GameTooltip:AddLine(self.tooltipWarning, 1, 0, 0, 1, true);
						GameTooltip:Show();
					end
				end
			</OnEnter>
			<OnLeave>
				GameTooltip:Hide();
			</OnLeave>
		</Scripts>
	</Slider>
</Ui>


