<Ui xmlns="http://www.blizzard.com/wow/ui/" xmlns:xsi="http://www.w3.org/2001/XMLSchema-instance" xsi:schemaLocation="http://www.blizzard.com/wow/ui/
..\FrameXML\UI.xsd">

<!--@non-debug@-->
<Script file="lib\LibStub\LibStub.lua"/>
<Include file="lib\CallbackHandler-1.0\CallbackHandler-1.0.xml"/>
<Include file="lib\ChatThrottleLib\ChatThrottleLib.xml"/>
<Include file="lib\AceAddon-3.0\AceAddon-3.0.xml"/>
<Include file="lib\AceConsole-3.0\AceConsole-3.0.xml"/>
<Include file="lib\AceDB-3.0\AceDB-3.0.xml"/>
<Include file="lib\AceDBOptions-3.0\AceDBOptions-3.0.xml"/>
<Include file="lib\AceEvent-3.0\AceEvent-3.0.xml"/>
<Include file="lib\AceTimer-3.0\AceTimer-3.0.xml"/>
<Include file="lib\AceLocale-3.0\AceLocale-3.0.xml"/>
<Include file="lib\AceGUI-3.0\AceGUI-3.0.xml"/>
<Include file="lib\AceConfig-3.0\AceConfig-3.0.xml"/>
<Include file="lib\LibSink-2.0\lib.xml"/>
<Include file="lib\LibSharedMedia-3.0\lib.xml"/>
<Include file="lib\AceGUI-3.0-SharedMediaWidgets\widget.xml"/>

<Script file="lib\LibDataBroker-1.1\LibDataBroker-1.1.lua"/>
<Script file="lib\LibDBIcon-1.0\LibDBIcon-1.0.lua"/>
<Script file="lib\LibQTip-1.0\LibQTip-1.0.lua"/>
<Script file="lib\HereBeDragons\HereBeDragons-2.0.lua"/>
<Script file="lib\HereBeDragons\HereBeDragons-Pins-2.0.lua"/>
<Script file="lib\HereBeDragons\HereBeDragons-Migrate.lua"/>

<Include file="lib\LibTextDump-1.0\lib.xml"/>
<!--@end-non-debug@-->

</Ui>
