<Ui xmlns="http://www.blizzard.com/wow/ui/" xmlns:xsi="http://www.w3.org/2001/XMLSchema-instance" xsi:schemaLocation="http://www.blizzard.com/wow/ui/
..\FrameXML\UI.xsd">

	<Script file="lib\LibStub\LibStub.lua"/>
	<Script file="lib\CallbackHandler-1.0\CallbackHandler-1.0.lua"/>
	<Include file="lib\AceAddon-3.0\AceAddon-3.0.xml"/>
	<Include file="lib\AceBucket-3.0\AceBucket-3.0.xml"/>
	<Include file="lib\AceComm-3.0\AceComm-3.0.xml"/>
	<Include file="lib\AceEvent-3.0\AceEvent-3.0.xml"/>
	<Include file="lib\AceTimer-3.0\AceTimer-3.0.xml"/>
	<Include file="lib\AceSerializer-3.0\AceSerializer-3.0.xml"/>

</Ui>
