<Ui xmlns="http://www.blizzard.com/wow/ui/" xmlns:xsi="http://www.w3.org/2001/XMLSchema-instance" xsi:schemaLocation="http://www.blizzard.com/wow/ui/
..\FrameXML\UI.xsd">
	<Script file="TitanClassicLootType.lua"/>
	<Frame parent="UIParent">
		<Frames>
			<Button name="TitanPanelLootTypeButton" inherits="TitanPanelComboTemplate" frameStrata="FULLSCREEN" toplevel="true">
				<Scripts>
					<OnLoad>
						TitanPanelLootTypeButton_OnLoad(self);
						TitanPanelButton_OnLoad(self);
					</OnLoad>
					<OnEvent>
						TitanPanelLootTypeButton_OnEvent(self, event, ...);
					</OnEvent>
					<OnClick>
					TitanPanelLootTypeButton_OnClick(self, button);
					TitanPanelButton_OnClick(self, button);
					</OnClick>
				</Scripts>
			</Button>
		</Frames>
	</Frame>
</Ui>
