<Ui xmlns="http://www.blizzard.com/wow/ui/" xmlns:xsi="http://www.w3.org/2001/XMLSchema-instance" xsi:schemaLocation="http://www.blizzard.com/wow/ui/
..\FrameXML\UI.xsd">
	<Script file="TitanClassicRegen.lua"/>
	<Frame parent="UIParent">
		<Frames>
			<Button name="TitanPanelRegenButton" inherits="TitanPanelTextTemplate" frameStrata="FULLSCREEN" toplevel="true">
				<Scripts>
					<OnLoad>
						TitanPanelRegenButton_OnLoad(self);
						TitanPanelButton_OnLoad(self);
					</OnLoad>
					<OnEvent>
						TitanPanelRegenButton_OnEvent(self, event, ...);
					</OnEvent>
				</Scripts>
			</Button>
		</Frames>
	</Frame>		
</Ui>