<Ui xmlns="http://www.blizzard.com/wow/ui/" xmlns:xsi="http://www.w3.org/2001/XMLSchema-instance" xsi:schemaLocation="http://www.blizzard.com/wow/ui/
..\FrameXML\UI.xsd">
	<Frame name="BiSFrameTemplate" virtual="true">
		<Size x="100" y="100"/>
		<Layers>
			<Layer level="BORDER">
				<Texture parentKey="TopLeft" parentArray="Textures">
					<Size x="8" y="8"/>
					<Anchors>
						<Anchor point="TOPLEFT" x="-3" y="3"/>
					</Anchors>
				</Texture>
				<Texture parentKey="TopRight" parentArray="Textures">
					<Size x="8" y="8"/>
					<Anchors>
						<Anchor point="TOPRIGHT" x="3" y="3"/>
					</Anchors>
					<TexCoords left="1" right="0" top="0" bottom="1"/>
				</Texture>
				<Texture parentKey="BottomLeft" parentArray="Textures">
					<Size x="8" y="8"/>
					<Anchors>
						<Anchor point="BOTTOMLEFT" x="-3" y="-3"/>
					</Anchors>
					<TexCoords left="0" right="1" top="1" bottom="0"/>
				</Texture>
				<Texture parentKey="BottomRight" parentArray="Textures">
					<Size x="8" y="8"/>
					<Anchors>
						<Anchor point="BOTTOMRIGHT" x="3" y="-3"/>
					</Anchors>
					<TexCoords left="1" right="0" top="1" bottom="0"/>
				</Texture>

				<Texture parentKey="Top" parentArray="Textures">
					<Anchors>
						<Anchor point="TOPLEFT" relativeKey="$parent.TopLeft" relativePoint="TOPRIGHT"/>
						<Anchor point="BOTTOMRIGHT" relativeKey="$parent.TopRight" relativePoint="BOTTOMLEFT"/>
					</Anchors>
				</Texture>
				<Texture parentKey="Bottom" parentArray="Textures">
					<Anchors>
						<Anchor point="TOPLEFT" relativeKey="$parent.BottomLeft" relativePoint="TOPRIGHT"/>
						<Anchor point="BOTTOMRIGHT" relativeKey="$parent.BottomRight" relativePoint="BOTTOMLEFT"/>
					</Anchors>
					<TexCoords left="0" right="1" top="1" bottom="0"/>
				</Texture>

				<Texture parentKey="Left" parentArray="Textures">
					<Anchors>
						<Anchor point="TOPLEFT" relativeKey="$parent.TopLeft" relativePoint="BOTTOMLEFT"/>
						<Anchor point="BOTTOMRIGHT" relativeKey="$parent.BottomLeft" relativePoint="TOPRIGHT"/>
					</Anchors>
				</Texture>
				<Texture parentKey="Right" parentArray="Textures">
					<Anchors>
						<Anchor point="TOPLEFT" relativeKey="$parent.TopRight" relativePoint="BOTTOMLEFT"/>
						<Anchor point="BOTTOMRIGHT" relativeKey="$parent.BottomRight" relativePoint="TOPRIGHT"/>
					</Anchors>
					<TexCoords left="1" right="0" top="0" bottom="1"/>
				</Texture>
			</Layer>
		</Layers>
	</Frame>
	<Frame name="BiSExpandTemplate" virtual="true">
		<Size x="100" y="100"/>
		<Layers>
			<Layer level="BORDER">
				<Texture parentKey="TopRight" parentArray="Textures">
					<Size x="8" y="8"/>
					<Anchors>
						<Anchor point="TOPRIGHT" x="3" y="3"/>
					</Anchors>
					<TexCoords left="1" right="0" top="0" bottom="1"/>
				</Texture>
				<Texture parentKey="BottomRight" parentArray="Textures">
					<Size x="8" y="8"/>
					<Anchors>
						<Anchor point="BOTTOMRIGHT" x="3" y="-3"/>
					</Anchors>
					<TexCoords left="1" right="0" top="1" bottom="0"/>
				</Texture>

				<Texture parentKey="Top" parentArray="Textures">
					<Anchors>
						<Anchor point="TOPLEFT" relativeKey="$parent.TopLeft" relativePoint="TOPRIGHT"/>
						<Anchor point="BOTTOMRIGHT" relativeKey="$parent.TopRight" relativePoint="BOTTOMLEFT"/>
					</Anchors>
				</Texture>
				<Texture parentKey="Bottom" parentArray="Textures">
					<Anchors>
						<Anchor point="TOPLEFT" relativeKey="$parent.BottomLeft" relativePoint="TOPRIGHT"/>
						<Anchor point="BOTTOMRIGHT" relativeKey="$parent.BottomRight" relativePoint="BOTTOMLEFT"/>
					</Anchors>
					<TexCoords left="0" right="1" top="1" bottom="0"/>
				</Texture>
				<Texture parentKey="Right" parentArray="Textures">
					<Anchors>
						<Anchor point="TOPLEFT" relativeKey="$parent.TopRight" relativePoint="BOTTOMLEFT"/>
						<Anchor point="BOTTOMRIGHT" relativeKey="$parent.BottomRight" relativePoint="TOPRIGHT"/>
					</Anchors>
					<TexCoords left="1" right="0" top="0" bottom="1"/>
				</Texture>
			</Layer>
		</Layers>
	</Frame>
</Ui>