<Ui xmlns="http://www.blizzard.com/wow/ui/" xmlns:xsi="http://www.w3.org/2001/XMLSchema-instance" xsi:schemaLocation="http://www.blizzard.com/wow/ui/
..\FrameXML\UI.xsd">
	<Script file="TitanClassicAmmo.lua"/>
	<Frame parent="UIParent">
		<Frames>
			<Button name="TitanPanelAmmoButton" inherits="TitanPanelComboTemplate" frameStrata="FULLSCREEN" toplevel="true">
				<Scripts>
					<OnLoad>						
						TitanPanelAmmoButton_OnLoad(self);
						TitanPanelButton_OnLoad(self);
					</OnLoad>					
				</Scripts>
			</Button>
		</Frames>
	</Frame>
</Ui>