<Ui xmlns="http://www.blizzard.com/wow/ui/"
	xmlns:xsi="http://www.w3.org/2001/XMLSchema-instance" xsi:schemaLocation="http://www.blizzard.com/wow/ui/FrameXML\UI.xsd">
	<Script file="localization.lua"/>
	<Script file="OutfitDisplayFrame.lua"/>
	<Button name="OutfitDisplayItemButtonTemplate" inherits="ItemButtonTemplate" virtual="true">
		<Frames>
			<Cooldown name="$parentCooldown" inherits="CooldownFrameTemplate"/>
		</Frames>
		<Scripts>
			<OnLoad function="OutfitDisplayItemButton_OnLoad"/>
			<OnShow function="OutfitDisplayItemButton_Draw"/>
			<OnClick function="OutfitDisplayItemButton_OnClick"/>
			<OnEvent function="OutfitDisplayItemButton_OnEvent"/>
			<OnEnter function="OutfitDisplayItemButton_OnEnter"/>
			<OnLeave>
                GameTooltip.finished = nil;
                GameTooltip:Hide();
			</OnLeave>
			<OnReceiveDrag>
				local parent = self:GetParent();
                OutfitDisplayItemButton_OnClick(self, "LeftButton", 1);
			</OnReceiveDrag>
		</Scripts>
	</Button>
	<ItemButton name="OutfitDisplayItemButtonLeftTemplate" inherits="OutfitDisplayItemButtonTemplate" virtual="true">
		<Layers>
			<Layer level="BACKGROUND" textureSubLevel="-1">
				<Texture name="$parentFrame" inherits="Char-LeftSlot">
					<Anchors>
						<Anchor point="TOPLEFT" x="-4" y="0"/>
					</Anchors>
				</Texture>
			</Layer>
		</Layers>
	</ItemButton>
	<ItemButton name="OutfitDisplayItemButtonRightTemplate" inherits="OutfitDisplayItemButtonTemplate" virtual="true">
		<Layers>
			<Layer level="BACKGROUND" textureSubLevel="-1">
				<Texture name="$parentFrame" inherits="Char-RightSlot">
					<Anchors>
						<Anchor point="TOPRIGHT" x="4" y="0"/>
					</Anchors>
				</Texture>
			</Layer>
		</Layers>
	</ItemButton>
	<ItemButton name="OutfitDisplayItemButtonBottomTemplate" inherits="OutfitDisplayItemButtonTemplate" virtual="true">
		<Layers>
			<Layer level="BACKGROUND" textureSubLevel="-1">
				<Texture name="$parentFrame" inherits="Char-BottomSlot">
					<Anchors>
						<Anchor point="TOPLEFT" x="-4" y="8"/>
					</Anchors>
				</Texture>
			</Layer>
		</Layers>
	</ItemButton>

	<CheckButton name="OutfitDisplayFrameCheckBoxTemplate" inherits="UICheckButtonTemplate" virtual="true">
		<HitRectInsets>
			<AbsInset left="0" right="0" top="0" bottom="0"/>
		</HitRectInsets>
		<Size>
			<AbsDimension x="25" y="25"/>
		</Size>
		<Scripts>
			<OnLoad function="OutfitDisplayCheckBox_OnLoad"/>
			<OnClick function="OutfitDisplayCheckBox_OnClick"/>
			<OnEnter function="OutfitDisplayCheckBox_OnEnter"/>
			<OnLeave>
				GameTooltip.finished = nil;
				GameTooltip:Hide();
			</OnLeave>
		</Scripts>
	</CheckButton>

	<CheckButton name="OutfitDisplayFrameOverrideBoxTemplate" inherits="UICheckButtonTemplate" virtual="true">
		<HitRectInsets>
			<AbsInset left="0" right="0" top="0" bottom="0"/>
		</HitRectInsets>
		<Size>
			<AbsDimension x="25" y="25"/>
		</Size>
		<Scripts>
			<OnClick function="OutfitDisplayOverrideCheckBox_OnClick" />
			<OnLoad function="OutfitDisplayOverrideBox_OnLoad"/>
			<OnEnter function="OutfitDisplayOverrideBox_OnEnter"/>
			<OnLeave>
				GameTooltip.finished = nil;
				GameTooltip:Hide();
			</OnLeave>
		</Scripts>
	</CheckButton>

	<Frame name="OutfitDisplayFrame" enableMouse="true" useParentLevel="true" virtual="True">
		<Frames>
			<Button name="FBOutfitFrameHeadSlot" inherits="OutfitDisplayItemButtonTemplate">
				<Anchors>
					<Anchor point="TOPLEFT" x="3" y="-3"/>
				</Anchors>
			</Button>
			<Button name="FBOutfitFrameNeckSlot" inherits="OutfitDisplayItemButtonTemplate">
				<Anchors>
					<Anchor point="TOPLEFT" relativeTo="FBOutfitFrameHeadSlot" relativePoint="BOTTOMLEFT" x="0" y="-4"/>
				</Anchors>
			</Button>
			<Button name="FBOutfitFrameShoulderSlot" inherits="OutfitDisplayItemButtonTemplate">
				<Anchors>
					<Anchor point="TOPLEFT" relativeTo="FBOutfitFrameNeckSlot" relativePoint="BOTTOMLEFT" x="0" y="-4"/>
				</Anchors>
			</Button>
			<Button name="FBOutfitFrameBackSlot" inherits="OutfitDisplayItemButtonTemplate">
				<Anchors>
					<Anchor point="TOPLEFT" relativeTo="FBOutfitFrameShoulderSlot" relativePoint="BOTTOMLEFT" x="0" y="-4"/>
				</Anchors>
			</Button>
			<Button name="FBOutfitFrameChestSlot" inherits="OutfitDisplayItemButtonTemplate">
				<Anchors>
					<Anchor point="TOPLEFT" relativeTo="FBOutfitFrameBackSlot" relativePoint="BOTTOMLEFT" x="0" y="-4"/>
				</Anchors>
			</Button>
			<Button name="FBOutfitFrameShirtSlot" inherits="OutfitDisplayItemButtonTemplate">
				<Anchors>
					<Anchor point="TOPLEFT" relativeTo="FBOutfitFrameChestSlot" relativePoint="BOTTOMLEFT" x="0" y="-4"/>
				</Anchors>
			</Button>
			<Button name="FBOutfitFrameTabardSlot" inherits="OutfitDisplayItemButtonTemplate">
				<Anchors>
					<Anchor point="TOPLEFT" relativeTo="FBOutfitFrameShirtSlot" relativePoint="BOTTOMLEFT" x="0" y="-4"/>
				</Anchors>
			</Button>
			<Button name="FBOutfitFrameWristSlot" inherits="OutfitDisplayItemButtonTemplate">
				<Anchors>
					<Anchor point="TOPLEFT" relativeTo="FBOutfitFrameTabardSlot" relativePoint="BOTTOMLEFT" x="0" y="-4"/>
				</Anchors>
			</Button>
			<Button name="FBOutfitFrameHandsSlot" inherits="OutfitDisplayItemButtonTemplate">
				<Anchors>
					<Anchor point="TOPLEFT" x="290" y="-3"/>
				</Anchors>
			</Button>
			<Button name="FBOutfitFrameWaistSlot" inherits="OutfitDisplayItemButtonTemplate">
				<Anchors>
					<Anchor point="TOPLEFT" relativeTo="FBOutfitFrameHandsSlot" relativePoint="BOTTOMLEFT" x="0" y="-4"/>
				</Anchors>
			</Button>
			<Button name="FBOutfitFrameLegsSlot" inherits="OutfitDisplayItemButtonTemplate">
				<Anchors>
					<Anchor point="TOPLEFT" relativeTo="FBOutfitFrameWaistSlot" relativePoint="BOTTOMLEFT" x="0" y="-4"/>
				</Anchors>
			</Button>
			<Button name="FBOutfitFrameFeetSlot" inherits="OutfitDisplayItemButtonTemplate">
				<Anchors>
					<Anchor point="TOPLEFT" relativeTo="FBOutfitFrameLegsSlot" relativePoint="BOTTOMLEFT" x="0" y="-4"/>
				</Anchors>
			</Button>
			<Button name="FBOutfitFrameFinger0Slot" inherits="OutfitDisplayItemButtonTemplate">
				<Anchors>
					<Anchor point="TOPLEFT" relativeTo="FBOutfitFrameFeetSlot" relativePoint="BOTTOMLEFT" x="0" y="-4"/>
				</Anchors>
			</Button>
			<Button name="FBOutfitFrameFinger1Slot" inherits="OutfitDisplayItemButtonTemplate">
				<Anchors>
					<Anchor point="TOPLEFT" relativeTo="FBOutfitFrameFinger0Slot" relativePoint="BOTTOMLEFT" x="0" y="-4"/>
				</Anchors>
			</Button>
			<Button name="FBOutfitFrameTrinket0Slot" inherits="OutfitDisplayItemButtonTemplate">
				<Anchors>
					<Anchor point="TOPLEFT" relativeTo="FBOutfitFrameFinger1Slot" relativePoint="BOTTOMLEFT" x="0" y="-4"/>
				</Anchors>
			</Button>
			<Button name="FBOutfitFrameTrinket1Slot" inherits="OutfitDisplayItemButtonTemplate">
				<Anchors>
					<Anchor point="TOPLEFT" relativeTo="FBOutfitFrameTrinket0Slot" relativePoint="BOTTOMLEFT" x="0" y="-4"/>
				</Anchors>
			</Button>
			<Button name="FBOutfitFrameMainHandSlot" inherits="OutfitDisplayItemButtonTemplate">
				<Anchors>
					<Anchor point="TOPLEFT" relativePoint="BOTTOMLEFT" x="80" y="50"/>
				</Anchors>
			</Button>
			<Button name="FBOutfitFrameSecondaryHandSlot" inherits="OutfitDisplayItemButtonTemplate">
				<Anchors>
					<Anchor point="TOPLEFT" relativeTo="FBOutfitFrameMainHandSlot" relativePoint="TOPRIGHT" x="5" y="0"/>
				</Anchors>
			</Button>
			<Button name="FBOutfitFrameRangedSlot" inherits="OutfitDisplayItemButtonTemplate">
				<Anchors>
					<Anchor point="TOPLEFT" relativeTo="FBOutfitFrameSecondaryHandSlot" relativePoint="TOPRIGHT" x="5" y="0"/>
				</Anchors>
			</Button>
			<Button name="FBOutfitFrameAmmoSlot">
				<Size>
					<AbsDimension x="27" y="27"/>
				</Size>
				<Anchors>
					<Anchor point="LEFT" relativeTo="FBOutfitFrameRangedSlot" relativePoint="RIGHT">
						<Offset>
							<AbsDimension x="15" y="0"/>
						</Offset>
					</Anchor>
				</Anchors>
				<Layers>
					<Layer level="BACKGROUND">
						<Texture file="Interface\PaperdollInfoFrame\UI-Character-AmmoSlot">
							<Size>
								<AbsDimension x="41" y="41"/>
							</Size>
							<Anchors>
								<Anchor point="CENTER">
									<Offset>
										<AbsDimension x="0" y="0"/>
									</Offset>
								</Anchor>
							</Anchors>
							<TexCoords left="0" right="0.640625" top="0" bottom="0.640625"/>
						</Texture>
					</Layer>
					<Layer level="BORDER">
						<Texture name="$parentIconTexture"/>
						<FontString name="$parentCount" parentKey="Count" inherits="NumberFontNormal" justifyH="RIGHT" hidden="true">
							<Anchors>
								<Anchor point="BOTTOMRIGHT">
									<Offset>
										<AbsDimension x="-1" y="2"/>
									</Offset>
								</Anchor>
							</Anchors>
						</FontString>
					</Layer>
					<Layer level="OVERLAY">
						<Texture file="Interface\PaperdollInfoFrame\UI-Character-AmmoSlot">
							<Size>
								<AbsDimension x="23" y="41"/>
							</Size>
							<Anchors>
								<Anchor point="CENTER">
									<Offset>
										<AbsDimension x="-22" y="0"/>
									</Offset>
								</Anchor>
							</Anchors>
							<TexCoords left="0.640625" right="1.0" top="0" bottom="0.640625"/>
						</Texture>
					</Layer>
				</Layers>
				<Frames>
					<Cooldown name="$parentCooldown" inherits="CooldownFrameTemplate"/>
				</Frames>
				<NormalTexture name="$parentNormalTexture" file="Interface\Buttons\UI-Quickslot2">
					<Size>
						<AbsDimension x="47" y="47"/>
					</Size>
					<Anchors>
						<Anchor point="CENTER">
							<Offset>
								<AbsDimension x="0" y="-1"/>
							</Offset>
						</Anchor>
					</Anchors>
				</NormalTexture>
				<PushedTexture file="Interface\Buttons\UI-Quickslot-Depress"/>
				<HighlightTexture file="Interface\Buttons\ButtonHilight-Square" alphaMode="ADD"/>
			</Button>
			<CheckButton name="FBOutfitFrameHeadSlotCheckBox" inherits="OutfitDisplayFrameCheckBoxTemplate">
				<Anchors>
					<Anchor point="LEFT" relativeTo="FBOutfitFrameHeadSlot" relativePoint="RIGHT" />
				</Anchors>
			</CheckButton>
			<CheckButton name="FBOutfitFrameShowHelm" inherits="OutfitDisplayFrameOverrideBoxTemplate" hidden="true">
				<Anchors>
					<Anchor point="LEFT" relativeTo="FBOutfitFrameHeadSlot" relativePoint="RIGHT" />
				</Anchors>
			</CheckButton>
			<CheckButton name="FBOutfitFrameNeckSlotCheckBox" inherits="OutfitDisplayFrameCheckBoxTemplate">
				<Anchors>
					<Anchor point="LEFT" relativeTo="FBOutfitFrameNeckSlot" relativePoint="RIGHT" />
				</Anchors>
			</CheckButton>
			<CheckButton name="FBOutfitFrameShoulderSlotCheckBox" inherits="OutfitDisplayFrameCheckBoxTemplate">
				<Anchors>
					<Anchor point="LEFT" relativeTo="FBOutfitFrameShoulderSlot" relativePoint="RIGHT" />
				</Anchors>
			</CheckButton>
			<CheckButton name="FBOutfitFrameBackSlotCheckBox" inherits="OutfitDisplayFrameCheckBoxTemplate">
				<Anchors>
					<Anchor point="LEFT" relativeTo="FBOutfitFrameBackSlot" relativePoint="RIGHT" />
				</Anchors>
			</CheckButton>
			<CheckButton name="FBOutfitFrameShowCloak" inherits="OutfitDisplayFrameOverrideBoxTemplate" hidden="true">
				<Anchors>
					<Anchor point="LEFT" relativeTo="FBOutfitFrameBackSlot" relativePoint="RIGHT" />
				</Anchors>
			</CheckButton>
			<CheckButton name="FBOutfitFrameChestSlotCheckBox" inherits="OutfitDisplayFrameCheckBoxTemplate">
				<Anchors>
					<Anchor point="LEFT" relativeTo="FBOutfitFrameChestSlot" relativePoint="RIGHT" />
				</Anchors>
			</CheckButton>
			<CheckButton name="FBOutfitFrameShirtSlotCheckBox" inherits="OutfitDisplayFrameCheckBoxTemplate">
				<Anchors>
					<Anchor point="LEFT" relativeTo="FBOutfitFrameShirtSlot" relativePoint="RIGHT" />
				</Anchors>
			</CheckButton>
			<CheckButton name="FBOutfitFrameTabardSlotCheckBox" inherits="OutfitDisplayFrameCheckBoxTemplate">
				<Anchors>
					<Anchor point="LEFT" relativeTo="FBOutfitFrameTabardSlot" relativePoint="RIGHT" />
				</Anchors>
			</CheckButton>
			<CheckButton name="FBOutfitFrameWristSlotCheckBox" inherits="OutfitDisplayFrameCheckBoxTemplate">
				<Anchors>
					<Anchor point="LEFT" relativeTo="FBOutfitFrameWristSlot" relativePoint="RIGHT" />
				</Anchors>
			</CheckButton>
			<CheckButton name="FBOutfitFrameHandsSlotCheckBox" inherits="OutfitDisplayFrameCheckBoxTemplate">
				<Anchors>
					<Anchor point="RIGHT" relativeTo="FBOutfitFrameHandsSlot" relativePoint="LEFT" />
				</Anchors>
			</CheckButton>
			<CheckButton name="FBOutfitFrameWaistSlotCheckBox" inherits="OutfitDisplayFrameCheckBoxTemplate">
				<Anchors>
					<Anchor point="RIGHT" relativeTo="FBOutfitFrameWaistSlot" relativePoint="LEFT" />
				</Anchors>
			</CheckButton>
			<CheckButton name="FBOutfitFrameLegsSlotCheckBox" inherits="OutfitDisplayFrameCheckBoxTemplate">
				<Anchors>
					<Anchor point="RIGHT" relativeTo="FBOutfitFrameLegsSlot" relativePoint="LEFT" />
				</Anchors>
			</CheckButton>
			<CheckButton name="FBOutfitFrameFeetSlotCheckBox" inherits="OutfitDisplayFrameCheckBoxTemplate">
				<Anchors>
					<Anchor point="RIGHT" relativeTo="FBOutfitFrameFeetSlot" relativePoint="LEFT" />
				</Anchors>
			</CheckButton>
			<CheckButton name="FBOutfitFrameFinger0SlotCheckBox" inherits="OutfitDisplayFrameCheckBoxTemplate">
				<Anchors>
					<Anchor point="RIGHT" relativeTo="FBOutfitFrameFinger0Slot" relativePoint="LEFT" />
				</Anchors>
			</CheckButton>
			<CheckButton name="FBOutfitFrameFinger1SlotCheckBox" inherits="OutfitDisplayFrameCheckBoxTemplate">
				<Anchors>
					<Anchor point="RIGHT" relativeTo="FBOutfitFrameFinger1Slot" relativePoint="LEFT" />
				</Anchors>
			</CheckButton>
			<CheckButton name="FBOutfitFrameTrinket0SlotCheckBox" inherits="OutfitDisplayFrameCheckBoxTemplate">
				<Anchors>
					<Anchor point="RIGHT" relativeTo="FBOutfitFrameTrinket0Slot" relativePoint="LEFT" />
				</Anchors>
			</CheckButton>
			<CheckButton name="FBOutfitFrameTrinket1SlotCheckBox" inherits="OutfitDisplayFrameCheckBoxTemplate">
				<Anchors>
					<Anchor point="RIGHT" relativeTo="FBOutfitFrameTrinket1Slot" relativePoint="LEFT" />
				</Anchors>
			</CheckButton>
			<CheckButton name="FBOutfitFrameMainHandSlotCheckBox" inherits="OutfitDisplayFrameCheckBoxTemplate">
				<Anchors>
					<Anchor point="BOTTOM" relativeTo="FBOutfitFrameMainHandSlot" relativePoint="TOP" />
				</Anchors>
			</CheckButton>
			<CheckButton name="FBOutfitFrameSecondaryHandSlotCheckBox" inherits="OutfitDisplayFrameCheckBoxTemplate">
				<Anchors>
					<Anchor point="BOTTOM" relativeTo="FBOutfitFrameSecondaryHandSlot" relativePoint="TOP" />
				</Anchors>
			</CheckButton>
			<PlayerModel name="FBOutfitFrameModelFrame">
				<Size x="233" y="224"/>
				<Anchors>
					<Anchor point="TOPLEFT">
						<Offset>
							<AbsDimension x="65" y="-78"/>
						</Offset>
					</Anchor>
				</Anchors>
				<Frames>
					<Button name="FBOutfitFrameModelFrameRotateRightButton">
						<Size>
							<AbsDimension x="35" y="35"/>
						</Size>
						<Anchors>
							<Anchor point="TOPLEFT" relativePoint="TOPLEFT"/>
						</Anchors>
						<Scripts>
							<OnLoad>
								self:RegisterForClicks("LeftButtonDown", "LeftButtonUp");
							</OnLoad>
							<OnClick>
								Model_RotateRight(self:GetParent());
							</OnClick>
						</Scripts>
						<!-- Classic named its rotation buttons from the perspective of the model (instead of the camera),
							 so the old "RotationLeft" texture should be paired with the modern "RotateRight" function. -->
						<NormalTexture file="Interface\Buttons\UI-RotationLeft-Button-Up"/>
						<PushedTexture file="Interface\Buttons\UI-RotationLeft-Button-Down"/>
						<HighlightTexture file="Interface\Buttons\ButtonHilight-Round" alphaMode="ADD"/>
					</Button>
					<Button name="FBOutfitFrameModelFrameRotateLeftButton">
						<Size>
							<AbsDimension x="35" y="35"/>
						</Size>
						<Anchors>
							<Anchor point="TOPLEFT" relativeTo="FBOutfitFrameModelFrameRotateRightButton" relativePoint="TOPRIGHT"/>
						</Anchors>
						<Scripts>
							<OnLoad>
								self:RegisterForClicks("LeftButtonDown", "LeftButtonUp");
							</OnLoad>
							<OnClick>
								Model_RotateLeft(self:GetParent());
							</OnClick>
						</Scripts>
						<!-- Classic named its rotation buttons from the perspective of the model (instead of the camera),
							 so the old "RotationRight" texture should be paired with the modern "RotateLeft" function. -->
						<NormalTexture file="Interface\Buttons\UI-RotationRight-Button-Up"/>
						<PushedTexture file="Interface\Buttons\UI-RotationRight-Button-Down"/>
						<HighlightTexture file="Interface\Buttons\ButtonHilight-Round" alphaMode="ADD"/>
					</Button>
					<SimpleHTML name="FBOutfitFrameMessage">
						<Size>
							<AbsDimension x="183" y="64"/>
						</Size>
						<Anchors>
							<Anchor point="CENTER"/>
						</Anchors>
						<FontString name="$parentFontString" inherits="GameFontNormal">
							<Size>
								<AbsDimension x="183" y="0"/>
							</Size>
						</FontString>
						<Scripts>
							<OnLoad>
								self:SetFrameLevel(self:GetFrameLevel()+1);
							</OnLoad>
						</Scripts>
					</SimpleHTML>
				</Frames>
				<Scripts>
					<OnUpdate function="Model_OnUpdate"/>
					<OnLoad>
						Model_OnLoad(self, MODELFRAME_MAX_PLAYER_ZOOM, nil, nil, nil);
					</OnLoad>
				</Scripts>
			</PlayerModel>
		</Frames>
	</Frame>
</Ui>
